﻿diet,genotype,microbes,eggs
C,C,C,0
C,C,C,0
C,C,C,0
C,C,C,0
C,C,C,1
C,C,C,1
C,C,C,1
C,C,C,2
C,C,C,2
C,C,C,2
C,C,C,2
C,C,C,3
C,C,C,3
C,C,C,3
C,C,C,4
C,C,C,5
C,C,C,5
C,C,C,5
C,C,C,6
C,C,C,8
C,C,C,9
C,C,C,10
C,C,C,12
C,C,C,12
C,C,C,12
C,C,C,13
C,C,C,14
C,C,C,15
C,C,C,15
C,C,C,15
C,C,C,15
C,C,C,16
C,C,C,18
C,C,C,19
C,C,C,19
C,C,C,19
C,C,C,22
C,C,C,22
C,C,C,22
C,C,C,23
C,C,C,26
C,C,C,26
C,C,C,28
C,C,C,30
C,C,C,31
C,C,C,32
C,C,C,32
C,C,C,34
H,C,C,0
H,C,C,0
H,C,C,0
H,C,C,0
H,C,C,0
H,C,C,1
H,C,C,1
H,C,C,1
H,C,C,1
H,C,C,1
H,C,C,1
H,C,C,1
H,C,C,1
H,C,C,1
H,C,C,1
H,C,C,1
H,C,C,1
H,C,C,1
H,C,C,1
H,C,C,1
H,C,C,1
H,C,C,1
H,C,C,1
H,C,C,1
H,C,C,1
H,C,C,2
H,C,C,2
H,C,C,2
H,C,C,2
H,C,C,2
H,C,C,2
H,C,C,2
H,C,C,2
H,C,C,2
H,C,C,2
H,C,C,4
H,C,C,5
H,C,C,5
H,C,C,6
H,C,C,7
H,C,C,8
H,C,C,8
H,C,C,8
H,C,C,9
H,C,C,9
H,C,C,9
H,C,C,9
H,C,C,10
H,C,C,11
H,C,C,12
H,C,C,12
H,C,C,12
H,C,C,13
H,C,C,15
H,C,C,15
H,C,C,16
H,C,C,16
H,C,C,17
H,C,C,18
H,C,C,18
H,C,C,18
H,C,C,19
H,C,C,22
H,C,C,22
H,C,C,22
H,C,C,22
H,C,C,23
H,C,C,24
H,C,C,25
H,C,C,25
H,C,C,27
C,C,H,0
C,C,H,0
C,C,H,0
C,C,H,0
C,C,H,0
C,C,H,1
C,C,H,1
C,C,H,1
C,C,H,1
C,C,H,1
C,C,H,1
C,C,H,1
C,C,H,1
C,C,H,2
C,C,H,2
C,C,H,2
C,C,H,3
C,C,H,3
C,C,H,4
C,C,H,5
C,C,H,6
C,C,H,7
C,C,H,10
C,C,H,10
C,C,H,12
C,C,H,13
C,C,H,14
C,C,H,15
C,C,H,16
C,C,H,16
C,C,H,16
C,C,H,17
C,C,H,19
C,C,H,20
C,C,H,20
C,C,H,20
C,C,H,20
C,C,H,20
C,C,H,20
C,C,H,20
C,C,H,21
C,C,H,23
C,C,H,25
C,C,H,25
C,C,H,27
C,C,H,28
C,C,H,30
C,C,H,30
C,C,H,30
C,C,H,30
C,C,H,31
C,C,H,33
C,C,H,35
C,C,H,35
C,C,H,36
C,C,H,37
C,C,H,37
C,C,H,38
C,C,H,41
H,C,H,0
H,C,H,0
H,C,H,0
H,C,H,0
H,C,H,0
H,C,H,0
H,C,H,0
H,C,H,0
H,C,H,0
H,C,H,0
H,C,H,0
H,C,H,0
H,C,H,1
H,C,H,1
H,C,H,1
H,C,H,1
H,C,H,1
H,C,H,1
H,C,H,1
H,C,H,1
H,C,H,1
H,C,H,1
H,C,H,1
H,C,H,1
H,C,H,1
H,C,H,1
H,C,H,1
H,C,H,2
H,C,H,2
H,C,H,2
H,C,H,2
H,C,H,2
H,C,H,2
H,C,H,2
H,C,H,3
H,C,H,3
H,C,H,3
H,C,H,3
H,C,H,3
H,C,H,3
H,C,H,4
H,C,H,4
H,C,H,6
H,C,H,6
H,C,H,7
H,C,H,7
H,C,H,8
H,C,H,9
H,C,H,10
H,C,H,10
H,C,H,10
H,C,H,11
H,C,H,11
H,C,H,12
H,C,H,12
H,C,H,13
H,C,H,13
H,C,H,13
H,C,H,13
H,C,H,14
H,C,H,14
H,C,H,14
H,C,H,14
H,C,H,16
H,C,H,16
H,C,H,17
H,C,H,17
H,C,H,17
H,C,H,18
H,C,H,19
H,C,H,19
H,C,H,19
H,C,H,20
H,C,H,20
H,C,H,22
H,C,H,22
H,C,H,23
H,C,H,24
H,C,H,25
H,C,H,26
H,C,H,26
C,H,C,0
C,H,C,0
C,H,C,0
C,H,C,0
C,H,C,0
C,H,C,0
C,H,C,0
C,H,C,0
C,H,C,1
C,H,C,1
C,H,C,1
C,H,C,1
C,H,C,1
C,H,C,1
C,H,C,1
C,H,C,1
C,H,C,1
C,H,C,1
C,H,C,1
C,H,C,2
C,H,C,2
C,H,C,2
C,H,C,3
C,H,C,3
C,H,C,4
C,H,C,5
C,H,C,6
C,H,C,7
C,H,C,7
C,H,C,9
C,H,C,10
C,H,C,11
C,H,C,12
C,H,C,13
C,H,C,14
C,H,C,16
C,H,C,16
C,H,C,17
C,H,C,17
C,H,C,18
C,H,C,18
C,H,C,18
C,H,C,19
C,H,C,20
C,H,C,21
C,H,C,21
C,H,C,21
C,H,C,21
C,H,C,22
C,H,C,22
C,H,C,22
C,H,C,22
C,H,C,22
C,H,C,23
C,H,C,24
C,H,C,25
C,H,C,27
C,H,C,27
C,H,C,27
C,H,C,30
C,H,C,32
H,H,C,0
H,H,C,0
H,H,C,0
H,H,C,0
H,H,C,0
H,H,C,0
H,H,C,0
H,H,C,0
H,H,C,0
H,H,C,0
H,H,C,1
H,H,C,1
H,H,C,1
H,H,C,1
H,H,C,1
H,H,C,1
H,H,C,1
H,H,C,1
H,H,C,1
H,H,C,1
H,H,C,1
H,H,C,1
H,H,C,1
H,H,C,1
H,H,C,2
H,H,C,2
H,H,C,2
H,H,C,2
H,H,C,2
H,H,C,2
H,H,C,2
H,H,C,3
H,H,C,3
H,H,C,3
H,H,C,5
H,H,C,5
H,H,C,7
H,H,C,11
H,H,C,12
H,H,C,13
H,H,C,14
H,H,C,16
H,H,C,19
H,H,C,21
H,H,C,22
H,H,C,27
C,H,H,0
C,H,H,0
C,H,H,0
C,H,H,0
C,H,H,0
C,H,H,0
C,H,H,0
C,H,H,0
C,H,H,0
C,H,H,0
C,H,H,1
C,H,H,1
C,H,H,1
C,H,H,1
C,H,H,1
C,H,H,2
C,H,H,2
C,H,H,2
C,H,H,3
C,H,H,3
C,H,H,4
C,H,H,4
C,H,H,4
C,H,H,4
C,H,H,5
C,H,H,6
C,H,H,7
C,H,H,7
C,H,H,8
C,H,H,9
C,H,H,9
C,H,H,10
C,H,H,11
C,H,H,12
C,H,H,13
C,H,H,16
C,H,H,17
C,H,H,18
C,H,H,18
C,H,H,19
C,H,H,19
C,H,H,20
C,H,H,20
C,H,H,21
C,H,H,22
C,H,H,23
C,H,H,23
C,H,H,26
C,H,H,29
C,H,H,29
C,H,H,30
C,H,H,30
C,H,H,31
C,H,H,31
C,H,H,33
C,H,H,34
C,H,H,38
C,H,H,39
C,H,H,40
H,H,H,0
H,H,H,0
H,H,H,0
H,H,H,0
H,H,H,0
H,H,H,0
H,H,H,0
H,H,H,0
H,H,H,0
H,H,H,0
H,H,H,0
H,H,H,0
H,H,H,0
H,H,H,1
H,H,H,1
H,H,H,1
H,H,H,1
H,H,H,1
H,H,H,1
H,H,H,1
H,H,H,1
H,H,H,2
H,H,H,2
H,H,H,2
H,H,H,2
H,H,H,3
H,H,H,4
H,H,H,4
H,H,H,4
H,H,H,4
H,H,H,5
H,H,H,5
H,H,H,5
H,H,H,6
H,H,H,6
H,H,H,7
H,H,H,9
H,H,H,10
H,H,H,11
H,H,H,11
H,H,H,14
H,H,H,15
H,H,H,15
H,H,H,15
H,H,H,16
H,H,H,16
H,H,H,17
H,H,H,18
H,H,H,18
H,H,H,19
H,H,H,19
H,H,H,21
H,H,H,23
H,H,H,24
H,H,H,24
H,H,H,25
H,H,H,26
H,H,H,28
H,H,H,34