﻿plate.no,date,well,ovi.plate treat,fly.treat,fly.geno,fly.micro,fly.food,fly.ID,egg.no
plate_11,1-Oct,B1,C,C0C,control fly,sterile,control diet,C0C.31,0
plate_13,1-Oct,C3,C,C0C,control fly,sterile,control diet,C0C.28,0
plate_13,1-Oct,E3,HS,C0C,control fly,sterile,control diet,C0C.30,0
plate_13,1-Oct,B4,C,C0C,control fly,sterile,control diet,C0C.33,0
plate_14,1-Oct,B4,C,C0C,control fly,sterile,control diet,C0C.32,0
plate_14,1-Oct,F4,HS,C0C,control fly,sterile,control diet,C0C.32,0
plate_11,1-Oct,E1,HS,C0C,control fly,sterile,control diet,C0C.31,1
plate_13,1-Oct,B3,C,C0C,control fly,sterile,control diet,C0C.27,1
plate_13,1-Oct,D3,HS,C0C,control fly,sterile,control diet,C0C.29,1
plate_13,1-Oct,C4,C,C0C,control fly,sterile,control diet,C0C.34,1
plate_13,1-Oct,D4,HS,C0C,control fly,sterile,control diet,C0C.35,1
plate_12,1-Oct,C1,C,C0C,control fly,sterile,control diet,C0C.28,2
plate_13,1-Oct,F3,HS,C0C,control fly,sterile,control diet,C0C.31,2
plate_11,1-Oct,C2,C,C0C,control fly,sterile,control diet,C0C.31,3
plate_11,1-Oct,B2,C,C0C,control fly,sterile,control diet,C0C.31,4
plate_13,1-Oct,A3,C,C0C,control fly,sterile,control diet,C0C.26,5
plate_13,1-Oct,A4,C,C0C,control fly,sterile,control diet,C0C.32,5
plate_12,1-Oct,C2,C,C0C,control fly,sterile,control diet,C0C.28,12
plate_11,1-Oct,A2,C,C0C,control fly,sterile,control diet,C0C.31,13
plate_14,1-Oct,B3,C,C0C,control fly,sterile,control diet,C0C.32,13
plate_14,1-Oct,C3,C,C0C,control fly,sterile,control diet,C0C.32,14
plate_11,1-Oct,F2,HS,C0C,control fly,sterile,control diet,C0C.31,15
plate_12,1-Oct,E2,HS,C0C,control fly,sterile,control diet,C0C.28,15
plate_14,1-Oct,D4,HS,C0C,control fly,sterile,control diet,C0C.32,15
plate_12,1-Oct,D1,HS,C0C,control fly,sterile,control diet,C0C.28,17
plate_11,1-Oct,A1,C,C0C,control fly,sterile,control diet,C0C.31,19
plate_12,1-Oct,A2,C,C0C,control fly,sterile,control diet,C0C.28,20
plate_11,1-Oct,D1,HS,C0C,control fly,sterile,control diet,C0C.31,21
plate_12,1-Oct,B1,C,C0C,control fly,sterile,control diet,C0C.28,22
plate_12,1-Oct,A1,C,C0C,control fly,sterile,control diet,C0C.28,24
plate_12,1-Oct,B2,C,C0C,control fly,sterile,control diet,C0C.28,24
plate_12,1-Oct,E1,HS,C0C,control fly,sterile,control diet,C0C.28,25
plate_14,1-Oct,A4,C,C0C,control fly,sterile,control diet,C0C.32,25
plate_14,1-Oct,E4,HS,C0C,control fly,sterile,control diet,C0C.32,25
plate_11,1-Oct,E2,HS,C0C,control fly,sterile,control diet,C0C.31,26
plate_14,1-Oct,F3,HS,C0C,control fly,sterile,control diet,C0C.32,26
plate_11,1-Oct,F1,HS,C0C,control fly,sterile,control diet,C0C.31,27
plate_13,1-Oct,E4,HS,C0C,control fly,sterile,control diet,C0C.36,28
plate_14,1-Oct,D3,HS,C0C,control fly,sterile,control diet,C0C.32,28
plate_14,1-Oct,A3,C,C0C,control fly,sterile,control diet,C0C.32,29
plate_12,1-Oct,D2,HS,C0C,control fly,sterile,control diet,C0C.28,30
plate_14,1-Oct,E3,HS,C0C,control fly,sterile,control diet,C0C.32,31
plate_11,1-Oct,D2,HS,C0C,control fly,sterile,control diet,C0C.31,32
plate_11,1-Oct,C1,C,C0C,control fly,sterile,control diet,C0C.31,34
plate_26,2-Oct,E3,HS,C0HS,control fly,sterile,high sugar diet,C0HS.29,0
plate_26,2-Oct,A4,C,C0HS,control fly,sterile,high sugar diet,C0HS.29,0
plate_26,2-Oct,F4,HS,C0HS,control fly,sterile,high sugar diet,C0HS.29,0
plate_27,2-Oct,A3,C,C0HS,control fly,sterile,high sugar diet,C0HS.25,0
plate_27,2-Oct,B3,C,C0HS,control fly,sterile,high sugar diet,C0HS.25,0
plate_27,2-Oct,D3,HS,C0HS,control fly,sterile,high sugar diet,C0HS.25,0
plate_27,2-Oct,E3,HS,C0HS,control fly,sterile,high sugar diet,C0HS.25,0
plate_27,2-Oct,F3,HS,C0HS,control fly,sterile,high sugar diet,C0HS.25,0
plate_27,2-Oct,B4,C,C0HS,control fly,sterile,high sugar diet,C0HS.25,0
plate_28,2-Oct,A3,C,C0HS,control fly,sterile,high sugar diet,C0HS.30,0
plate_28,2-Oct,E3,HS,C0HS,control fly,sterile,high sugar diet,C0HS.30,0
plate_28,2-Oct,F3,HS,C0HS,control fly,sterile,high sugar diet,C0HS.30,0
plate_28,2-Oct,B4,C,C0HS,control fly,sterile,high sugar diet,C0HS.30,0
plate_28,2-Oct,C4,C,C0HS,control fly,sterile,high sugar diet,C0HS.30,0
plate_28,2-Oct,D4,HS,C0HS,control fly,sterile,high sugar diet,C0HS.30,0
plate_29,2-Oct,B3,C,C0HS,control fly,sterile,high sugar diet,C0HS.27,0
plate_29,2-Oct,C3,C,C0HS,control fly,sterile,high sugar diet,C0HS.27,0
plate_29,2-Oct,D3,HS,C0HS,control fly,sterile,high sugar diet,C0HS.27,0
plate_29,2-Oct,F3,HS,C0HS,control fly,sterile,high sugar diet,C0HS.27,0
plate_29,2-Oct,A4,C,C0HS,control fly,sterile,high sugar diet,C0HS.27,0
plate_29,2-Oct,D4,HS,C0HS,control fly,sterile,high sugar diet,C0HS.27,0
plate_26,2-Oct,D3,HS,C0HS,control fly,sterile,high sugar diet,C0HS.29,1
plate_26,2-Oct,F3,HS,C0HS,control fly,sterile,high sugar diet,C0HS.29,1
plate_26,2-Oct,E4,HS,C0HS,control fly,sterile,high sugar diet,C0HS.29,1
plate_27,2-Oct,A4,C,C0HS,control fly,sterile,high sugar diet,C0HS.25,1
plate_27,2-Oct,C4,C,C0HS,control fly,sterile,high sugar diet,C0HS.25,1
plate_27,2-Oct,E4,HS,C0HS,control fly,sterile,high sugar diet,C0HS.25,1
plate_27,2-Oct,F4,HS,C0HS,control fly,sterile,high sugar diet,C0HS.25,1
plate_28,2-Oct,B3,C,C0HS,control fly,sterile,high sugar diet,C0HS.30,1
plate_28,2-Oct,D3,HS,C0HS,control fly,sterile,high sugar diet,C0HS.30,1
plate_28,2-Oct,E4,HS,C0HS,control fly,sterile,high sugar diet,C0HS.30,1
plate_29,2-Oct,A3,C,C0HS,control fly,sterile,high sugar diet,C0HS.27,1
plate_29,2-Oct,E4,HS,C0HS,control fly,sterile,high sugar diet,C0HS.27,1
plate_29,2-Oct,F4,HS,C0HS,control fly,sterile,high sugar diet,C0HS.27,1
plate_26,2-Oct,A3,C,C0HS,control fly,sterile,high sugar diet,C0HS.29,2
plate_27,2-Oct,C3,C,C0HS,control fly,sterile,high sugar diet,C0HS.25,2
plate_27,2-Oct,D4,HS,C0HS,control fly,sterile,high sugar diet,C0HS.25,2
plate_28,2-Oct,A4,C,C0HS,control fly,sterile,high sugar diet,C0HS.30,2
plate_28,2-Oct,F4,HS,C0HS,control fly,sterile,high sugar diet,C0HS.30,2
plate_29,2-Oct,B4,C,C0HS,control fly,sterile,high sugar diet,C0HS.27,2
plate_29,2-Oct,C4,C,C0HS,control fly,sterile,high sugar diet,C0HS.27,2
plate_26,2-Oct,C3,C,C0HS,control fly,sterile,high sugar diet,C0HS.29,3
plate_26,2-Oct,C4,C,C0HS,control fly,sterile,high sugar diet,C0HS.29,3
plate_26,2-Oct,B4,C,C0HS,control fly,sterile,high sugar diet,C0HS.29,6
plate_26,2-Oct,B3,C,C0HS,control fly,sterile,high sugar diet,C0HS.29,9
plate_28,2-Oct,C3,C,C0HS,control fly,sterile,high sugar diet,C0HS.30,16
plate_03,30-Sep,A3,C,CCC,control fly,control,control diet,CCC.29,0
plate_03,30-Sep,A4,C,CCC,control fly,control,control diet,CCC.29,0
plate_04,30-Sep,B3,C,CCC,control fly,control,control diet,CCC.30,0
plate_04,30-Sep,E4,HS,CCC,control fly,control,control diet,CCC.30,0
plate_02,30-Sep,A1,C,CCC,control fly,control,control diet,CCC.28,1
plate_02,30-Sep,A2,C,CCC,control fly,control,control diet,CCC.28,1
plate_04,30-Sep,F4,HS,CCC,control fly,control,control diet,CCC.30,1
plate_01,30-Sep,B2,C,CCC,control fly,control,control diet,CCC.26,2
plate_01,30-Sep,D2,HS,CCC,control fly,control,control diet,CCC.26,2
plate_02,30-Sep,D1,HS,CCC,control fly,control,control diet,CCC.28,2
plate_02,30-Sep,D2,HS,CCC,control fly,control,control diet,CCC.28,2
plate_01,30-Sep,C2,C,CCC,control fly,control,control diet,CCC.26,3
plate_03,30-Sep,C4,C,CCC,control fly,control,control diet,CCC.29,3
plate_04,30-Sep,C4,C,CCC,control fly,control,control diet,CCC.30,3
plate_02,30-Sep,E1,HS,CCC,control fly,control,control diet,CCC.28,4
plate_01,30-Sep,B1,C,CCC,control fly,control,control diet,CCC.26,5
plate_03,30-Sep,D3,HS,CCC,control fly,control,control diet,CCC.29,5
plate_03,30-Sep,F4,HS,CCC,control fly,control,control diet,CCC.29,5
plate_02,30-Sep,C1,C,CCC,control fly,control,control diet,CCC.28,6
plate_04,30-Sep,E3,HS,CCC,control fly,control,control diet,CCC.30,8
plate_02,30-Sep,B1,C,CCC,control fly,control,control diet,CCC.28,9
plate_01,30-Sep,E2,HS,CCC,control fly,control,control diet,CCC.26,10
plate_02,30-Sep,C2,C,CCC,control fly,control,control diet,CCC.28,12
plate_02,30-Sep,E2,HS,CCC,control fly,control,control diet,CCC.28,12
plate_03,30-Sep,F3,HS,CCC,control fly,control,control diet,CCC.29,12
plate_04,30-Sep,A3,C,CCC,control fly,control,control diet,CCC.30,13
plate_04,30-Sep,F3,HS,CCC,control fly,control,control diet,CCC.30,14
plate_01,30-Sep,C1,C,CCC,control fly,control,control diet,CCC.26,15
plate_02,30-Sep,B2,C,CCC,control fly,control,control diet,CCC.28,15
plate_03,30-Sep,B3,C,CCC,control fly,control,control diet,CCC.29,15
plate_03,30-Sep,C3,C,CCC,control fly,control,control diet,CCC.29,15
plate_04,30-Sep,A4,C,CCC,control fly,control,control diet,CCC.30,16
plate_01,30-Sep,A2,C,CCC,control fly,control,control diet,CCC.26,18
plate_03,30-Sep,B4,C,CCC,control fly,control,control diet,CCC.29,19
plate_03,30-Sep,D4,HS,CCC,control fly,control,control diet,CCC.29,19
plate_04,30-Sep,C3,C,CCC,control fly,control,control diet,CCC.30,19
plate_01,30-Sep,A1,C,CCC,control fly,control,control diet,CCC.26,22
plate_03,30-Sep,E3,HS,CCC,control fly,control,control diet,CCC.29,22
plate_04,30-Sep,D3,HS,CCC,control fly,control,control diet,CCC.30,22
plate_03,30-Sep,E4,HS,CCC,control fly,control,control diet,CCC.29,23
plate_01,30-Sep,D1,HS,CCC,control fly,control,control diet,CCC.26,26
plate_02,30-Sep,F2,HS,CCC,control fly,control,control diet,CCC.28,26
plate_04,30-Sep,D4,HS,CCC,control fly,control,control diet,CCC.30,28
plate_02,30-Sep,F1,HS,CCC,control fly,control,control diet,CCC.28,30
plate_01,30-Sep,F2,HS,CCC,control fly,control,control diet,CCC.26,31
plate_01,30-Sep,E1,HS,CCC,control fly,control,control diet,CCC.26,32
plate_01,30-Sep,F1,HS,CCC,control fly,control,control diet,CCC.26,32
plate_04,30-Sep,B4,C,CCC,control fly,control,control diet,CCC.30,34
plate_15,1-Oct,D2,HS,CCHS,control fly,control,high sugar diet,CCHS.27,0
plate_31,2-Oct,D1,HS,CCHS,control fly,control,high sugar diet,CCHS.25,0
plate_31,2-Oct,E1,HS,CCHS,control fly,control,high sugar diet,CCHS.25,0
plate_31,2-Oct,F1,HS,CCHS,control fly,control,high sugar diet,CCHS.25,0
plate_31,2-Oct,A2,C,CCHS,control fly,control,high sugar diet,CCHS.25,0
plate_15,1-Oct,A1,C,CCHS,control fly,control,high sugar diet,CCHS.27,1
plate_15,1-Oct,F1,HS,CCHS,control fly,control,high sugar diet,CCHS.27,1
plate_16,1-Oct,A1,C,CCHS,control fly,control,high sugar diet,CCHS.30,1
plate_16,1-Oct,F2,HS,CCHS,control fly,control,high sugar diet,CCHS.30,1
plate_19,1-Oct,F3,HS,CCHS,control fly,control,high sugar diet,CCHS.26,1
plate_19,1-Oct,E4,HS,CCHS,control fly,control,high sugar diet,CCHS.26,1
plate_25,1-Oct,D3,HS,CCHS,control fly,control,high sugar diet,CCHS.29,1
plate_25,1-Oct,C4,C,CCHS,control fly,control,high sugar diet,CCHS.29,1
plate_31,2-Oct,A1,C,CCHS,control fly,control,high sugar diet,CCHS.25,1
plate_31,2-Oct,B1,C,CCHS,control fly,control,high sugar diet,CCHS.25,1
plate_31,2-Oct,C1,C,CCHS,control fly,control,high sugar diet,CCHS.25,1
plate_31,2-Oct,B2,C,CCHS,control fly,control,high sugar diet,CCHS.25,1
plate_31,2-Oct,C2,C,CCHS,control fly,control,high sugar diet,CCHS.25,1
plate_31,2-Oct,E2,HS,CCHS,control fly,control,high sugar diet,CCHS.25,1
plate_31,2-Oct,B3,C,CCHS,control fly,control,high sugar diet,CCHS.28,1
plate_31,2-Oct,D3,HS,CCHS,control fly,control,high sugar diet,CCHS.28,1
plate_31,2-Oct,C4,C,CCHS,control fly,control,high sugar diet,CCHS.28,1
plate_31,2-Oct,D4,HS,CCHS,control fly,control,high sugar diet,CCHS.28,1
plate_31,2-Oct,E4,HS,CCHS,control fly,control,high sugar diet,CCHS.28,1
plate_31,2-Oct,F4,HS,CCHS,control fly,control,high sugar diet,CCHS.28,1
plate_15,1-Oct,D1,HS,CCHS,control fly,control,high sugar diet,CCHS.27,2
plate_15,1-Oct,C2,C,CCHS,control fly,control,high sugar diet,CCHS.27,2
plate_16,1-Oct,C1,C,CCHS,control fly,control,high sugar diet,CCHS.30,2
plate_25,1-Oct,C3,C,CCHS,control fly,control,high sugar diet,CCHS.29,2
plate_25,1-Oct,F3,HS,CCHS,control fly,control,high sugar diet,CCHS.29,2
plate_25,1-Oct,F4,HS,CCHS,control fly,control,high sugar diet,CCHS.29,2
plate_31,2-Oct,A3,C,CCHS,control fly,control,high sugar diet,CCHS.28,2
plate_31,2-Oct,C3,C,CCHS,control fly,control,high sugar diet,CCHS.28,2
plate_31,2-Oct,E3,HS,CCHS,control fly,control,high sugar diet,CCHS.28,2
plate_31,2-Oct,F3,HS,CCHS,control fly,control,high sugar diet,CCHS.28,2
plate_31,2-Oct,D2,HS,CCHS,control fly,control,high sugar diet,CCHS.25,4
plate_15,1-Oct,A2,C,CCHS,control fly,control,high sugar diet,CCHS.27,5
plate_31,2-Oct,A4,C,CCHS,control fly,control,high sugar diet,CCHS.28,5
plate_16,1-Oct,D1,HS,CCHS,control fly,control,high sugar diet,CCHS.30,6
plate_19,1-Oct,D4,HS,CCHS,control fly,control,high sugar diet,CCHS.26,7
plate_16,1-Oct,A2,C,CCHS,control fly,control,high sugar diet,CCHS.30,8
plate_16,1-Oct,C2,C,CCHS,control fly,control,high sugar diet,CCHS.30,8
plate_25,1-Oct,B3,C,CCHS,control fly,control,high sugar diet,CCHS.29,8
plate_15,1-Oct,E1,HS,CCHS,control fly,control,high sugar diet,CCHS.27,9
plate_15,1-Oct,E2,HS,CCHS,control fly,control,high sugar diet,CCHS.27,9
plate_16,1-Oct,E1,HS,CCHS,control fly,control,high sugar diet,CCHS.30,9
plate_16,1-Oct,D2,HS,CCHS,control fly,control,high sugar diet,CCHS.30,9
plate_19,1-Oct,D3,HS,CCHS,control fly,control,high sugar diet,CCHS.26,10
plate_31,2-Oct,B4,C,CCHS,control fly,control,high sugar diet,CCHS.28,11
plate_16,1-Oct,E2,HS,CCHS,control fly,control,high sugar diet,CCHS.30,12
plate_25,1-Oct,B4,C,CCHS,control fly,control,high sugar diet,CCHS.29,12
plate_25,1-Oct,D4,HS,CCHS,control fly,control,high sugar diet,CCHS.29,12
plate_16,1-Oct,B1,C,CCHS,control fly,control,high sugar diet,CCHS.30,13
plate_16,1-Oct,B2,C,CCHS,control fly,control,high sugar diet,CCHS.30,15
plate_19,1-Oct,A4,C,CCHS,control fly,control,high sugar diet,CCHS.26,15
plate_19,1-Oct,A3,C,CCHS,control fly,control,high sugar diet,CCHS.26,16
plate_19,1-Oct,C3,C,CCHS,control fly,control,high sugar diet,CCHS.26,16
plate_19,1-Oct,B4,C,CCHS,control fly,control,high sugar diet,CCHS.26,17
plate_15,1-Oct,C1,C,CCHS,control fly,control,high sugar diet,CCHS.27,18
plate_25,1-Oct,A4,C,CCHS,control fly,control,high sugar diet,CCHS.29,18
plate_31,2-Oct,F2,HS,CCHS,control fly,control,high sugar diet,CCHS.25,18
plate_19,1-Oct,F4,HS,CCHS,control fly,control,high sugar diet,CCHS.26,19
plate_15,1-Oct,B1,C,CCHS,control fly,control,high sugar diet,CCHS.27,22
plate_15,1-Oct,B2,C,CCHS,control fly,control,high sugar diet,CCHS.27,22
plate_25,1-Oct,A3,C,CCHS,control fly,control,high sugar diet,CCHS.29,22
plate_25,1-Oct,E4,HS,CCHS,control fly,control,high sugar diet,CCHS.29,22
plate_16,1-Oct,F1,HS,CCHS,control fly,control,high sugar diet,CCHS.30,23
plate_15,1-Oct,F2,HS,CCHS,control fly,control,high sugar diet,CCHS.27,24
plate_19,1-Oct,B3,C,CCHS,control fly,control,high sugar diet,CCHS.26,25
plate_19,1-Oct,C4,C,CCHS,control fly,control,high sugar diet,CCHS.26,25
plate_19,1-Oct,E3,HS,CCHS,control fly,control,high sugar diet,CCHS.26,27
plate_03,30-Sep,C2,C,CHSC,control fly,high sugar,control diet,CHSC.30,0
plate_03,30-Sep,D2,HS,CHSC,control fly,high sugar,control diet,CHSC.30,0
plate_05,30-Sep,E1,HS,CHSC,control fly,high sugar,control diet,CHSC.25,0
plate_05,30-Sep,C2,C,CHSC,control fly,high sugar,control diet,CHSC.25,0
plate_05,30-Sep,E2,HS,CHSC,control fly,high sugar,control diet,CHSC.25,0
plate_05,30-Sep,D1,HS,CHSC,control fly,high sugar,control diet,CHSC.25,1
plate_05,30-Sep,F1,HS,CHSC,control fly,high sugar,control diet,CHSC.25,1
plate_05,30-Sep,A2,C,CHSC,control fly,high sugar,control diet,CHSC.25,1
plate_06,30-Sep,C2,C,CHSC,control fly,high sugar,control diet,CHSC.29,1
plate_06,30-Sep,D2,HS,CHSC,control fly,high sugar,control diet,CHSC.29,1
plate_06,30-Sep,E2,HS,CHSC,control fly,high sugar,control diet,CHSC.29,1
plate_09,30-Sep,B1,C,CHSC,control fly,high sugar,control diet,CHSC.26,1
plate_09,30-Sep,A2,C,CHSC,control fly,high sugar,control diet,CHSC.26,1
plate_03,30-Sep,E2,HS,CHSC,control fly,high sugar,control diet,CHSC.30,2
plate_06,30-Sep,C1,C,CHSC,control fly,high sugar,control diet,CHSC.29,2
plate_09,30-Sep,C2,C,CHSC,control fly,high sugar,control diet,CHSC.26,2
plate_06,30-Sep,D1,HS,CHSC,control fly,high sugar,control diet,CHSC.29,3
plate_09,30-Sep,A1,C,CHSC,control fly,high sugar,control diet,CHSC.26,3
plate_03,30-Sep,D1,HS,CHSC,control fly,high sugar,control diet,CHSC.30,4
plate_03,30-Sep,A2,C,CHSC,control fly,high sugar,control diet,CHSC.30,5
plate_09,30-Sep,F1,HS,CHSC,control fly,high sugar,control diet,CHSC.26,6
plate_05,30-Sep,A1,C,CHSC,control fly,high sugar,control diet,CHSC.25,7
plate_03,30-Sep,B1,C,CHSC,control fly,high sugar,control diet,CHSC.30,10
plate_07,30-Sep,D4,HS,CHSC,control fly,high sugar,control diet,CHSC.28,10
plate_09,30-Sep,F2,HS,CHSC,control fly,high sugar,control diet,CHSC.26,12
plate_03,30-Sep,C1,C,CHSC,control fly,high sugar,control diet,CHSC.30,13
plate_05,30-Sep,F2,HS,CHSC,control fly,high sugar,control diet,CHSC.25,14
plate_06,30-Sep,F1,HS,CHSC,control fly,high sugar,control diet,CHSC.29,15
plate_03,30-Sep,A1,C,CHSC,control fly,high sugar,control diet,CHSC.30,16
plate_07,30-Sep,A3,C,CHSC,control fly,high sugar,control diet,CHSC.28,16
plate_09,30-Sep,E2,HS,CHSC,control fly,high sugar,control diet,CHSC.26,16
plate_09,30-Sep,D1,HS,CHSC,control fly,high sugar,control diet,CHSC.26,17
plate_06,30-Sep,A2,C,CHSC,control fly,high sugar,control diet,CHSC.29,19
plate_03,30-Sep,B2,C,CHSC,control fly,high sugar,control diet,CHSC.30,20
plate_03,30-Sep,F2,HS,CHSC,control fly,high sugar,control diet,CHSC.30,20
plate_05,30-Sep,D2,HS,CHSC,control fly,high sugar,control diet,CHSC.25,20
plate_06,30-Sep,B2,C,CHSC,control fly,high sugar,control diet,CHSC.29,20
plate_06,30-Sep,F2,HS,CHSC,control fly,high sugar,control diet,CHSC.29,20
plate_07,30-Sep,A4,C,CHSC,control fly,high sugar,control diet,CHSC.28,20
plate_07,30-Sep,B4,C,CHSC,control fly,high sugar,control diet,CHSC.28,20
plate_07,30-Sep,D3,HS,CHSC,control fly,high sugar,control diet,CHSC.28,21
plate_05,30-Sep,B2,C,CHSC,control fly,high sugar,control diet,CHSC.25,23
plate_07,30-Sep,F3,HS,CHSC,control fly,high sugar,control diet,CHSC.28,25
plate_07,30-Sep,E4,HS,CHSC,control fly,high sugar,control diet,CHSC.28,25
plate_05,30-Sep,B1,C,CHSC,control fly,high sugar,control diet,CHSC.25,27
plate_09,30-Sep,E1,HS,CHSC,control fly,high sugar,control diet,CHSC.26,28
plate_06,30-Sep,E1,HS,CHSC,control fly,high sugar,control diet,CHSC.29,30
plate_07,30-Sep,B3,C,CHSC,control fly,high sugar,control diet,CHSC.28,30
plate_09,30-Sep,B2,C,CHSC,control fly,high sugar,control diet,CHSC.26,30
plate_09,30-Sep,D2,HS,CHSC,control fly,high sugar,control diet,CHSC.26,30
plate_03,30-Sep,F1,HS,CHSC,control fly,high sugar,control diet,CHSC.30,31
plate_06,30-Sep,B1,C,CHSC,control fly,high sugar,control diet,CHSC.29,33
plate_03,30-Sep,E1,HS,CHSC,control fly,high sugar,control diet,CHSC.30,35
plate_07,30-Sep,E3,HS,CHSC,control fly,high sugar,control diet,CHSC.28,35
plate_05,30-Sep,C1,C,CHSC,control fly,high sugar,control diet,CHSC.25,36
plate_07,30-Sep,F4,HS,CHSC,control fly,high sugar,control diet,CHSC.28,37
plate_09,30-Sep,C1,C,CHSC,control fly,high sugar,control diet,CHSC.26,37
plate_07,30-Sep,C4,C,CHSC,control fly,high sugar,control diet,CHSC.28,38
plate_07,30-Sep,C3,C,CHSC,control fly,high sugar,control diet,CHSC.28,41
plate_11,1-Oct,C3,C,CHSHS,control fly,high sugar,high sugar diet,CHSHS.35,0
plate_11,1-Oct,C4,C,CHSHS,control fly,high sugar,high sugar diet,CHSHS.35,0
plate_15,1-Oct,E3,HS,CHSHS,control fly,high sugar,high sugar diet,CHSHS.37,0
plate_17,1-Oct,C1,C,CHSHS,control fly,high sugar,high sugar diet,CHSHS.26,0
plate_17,1-Oct,A2,C,CHSHS,control fly,high sugar,high sugar diet,CHSHS.26,0
plate_17,1-Oct,D2,HS,CHSHS,control fly,high sugar,high sugar diet,CHSHS.26,0
plate_20,1-Oct,C1,C,CHSHS,control fly,high sugar,high sugar diet,CHSHS.28,0
plate_20,1-Oct,C2,C,CHSHS,control fly,high sugar,high sugar diet,CHSHS.28,0
plate_21,1-Oct,A3,C,CHSHS,control fly,high sugar,high sugar diet,CHSHS.27,0
plate_21,1-Oct,F4,HS,CHSHS,control fly,high sugar,high sugar diet,CHSHS.27,0
plate_32,2-Oct,F3,HS,CHSHS,control fly,high sugar,high sugar diet,CHSHS.29,0
plate_32,2-Oct,C4,C,CHSHS,control fly,high sugar,high sugar diet,CHSHS.29,0
plate_11,1-Oct,D4,HS,CHSHS,control fly,high sugar,high sugar diet,CHSHS.35,1
plate_15,1-Oct,F3,HS,CHSHS,control fly,high sugar,high sugar diet,CHSHS.38,1
plate_17,1-Oct,A1,C,CHSHS,control fly,high sugar,high sugar diet,CHSHS.26,1
plate_17,1-Oct,F1,HS,CHSHS,control fly,high sugar,high sugar diet,CHSHS.26,1
plate_17,1-Oct,E2,HS,CHSHS,control fly,high sugar,high sugar diet,CHSHS.26,1
plate_19,1-Oct,D1,HS,CHSHS,control fly,high sugar,high sugar diet,CHSHS.31,1
plate_20,1-Oct,A1,C,CHSHS,control fly,high sugar,high sugar diet,CHSHS.28,1
plate_20,1-Oct,A2,C,CHSHS,control fly,high sugar,high sugar diet,CHSHS.28,1
plate_20,1-Oct,B2,C,CHSHS,control fly,high sugar,high sugar diet,CHSHS.28,1
plate_20,1-Oct,E2,HS,CHSHS,control fly,high sugar,high sugar diet,CHSHS.28,1
plate_21,1-Oct,F3,HS,CHSHS,control fly,high sugar,high sugar diet,CHSHS.27,1
plate_32,2-Oct,C3,C,CHSHS,control fly,high sugar,high sugar diet,CHSHS.29,1
plate_32,2-Oct,E3,HS,CHSHS,control fly,high sugar,high sugar diet,CHSHS.29,1
plate_32,2-Oct,B4,C,CHSHS,control fly,high sugar,high sugar diet,CHSHS.29,1
plate_32,2-Oct,D4,HS,CHSHS,control fly,high sugar,high sugar diet,CHSHS.29,1
plate_11,1-Oct,A4,C,CHSHS,control fly,high sugar,high sugar diet,CHSHS.35,2
plate_15,1-Oct,C3,C,CHSHS,control fly,high sugar,high sugar diet,CHSHS.35,2
plate_15,1-Oct,B4,C,CHSHS,control fly,high sugar,high sugar diet,CHSHS.40,2
plate_20,1-Oct,B1,C,CHSHS,control fly,high sugar,high sugar diet,CHSHS.28,2
plate_20,1-Oct,D1,HS,CHSHS,control fly,high sugar,high sugar diet,CHSHS.28,2
plate_32,2-Oct,B3,C,CHSHS,control fly,high sugar,high sugar diet,CHSHS.29,2
plate_32,2-Oct,A4,C,CHSHS,control fly,high sugar,high sugar diet,CHSHS.29,2
plate_11,1-Oct,B3,C,CHSHS,control fly,high sugar,high sugar diet,CHSHS.35,3
plate_11,1-Oct,E3,HS,CHSHS,control fly,high sugar,high sugar diet,CHSHS.35,3
plate_17,1-Oct,D1,HS,CHSHS,control fly,high sugar,high sugar diet,CHSHS.26,3
plate_17,1-Oct,F2,HS,CHSHS,control fly,high sugar,high sugar diet,CHSHS.26,3
plate_21,1-Oct,E3,HS,CHSHS,control fly,high sugar,high sugar diet,CHSHS.27,3
plate_21,1-Oct,D4,HS,CHSHS,control fly,high sugar,high sugar diet,CHSHS.27,3
plate_19,1-Oct,C1,C,CHSHS,control fly,high sugar,high sugar diet,CHSHS.31,4
plate_32,2-Oct,D3,HS,CHSHS,control fly,high sugar,high sugar diet,CHSHS.29,4
plate_19,1-Oct,F2,HS,CHSHS,control fly,high sugar,high sugar diet,CHSHS.31,6
plate_21,1-Oct,B4,C,CHSHS,control fly,high sugar,high sugar diet,CHSHS.27,6
plate_15,1-Oct,B3,C,CHSHS,control fly,high sugar,high sugar diet,CHSHS.34,7
plate_32,2-Oct,A3,C,CHSHS,control fly,high sugar,high sugar diet,CHSHS.29,7
plate_11,1-Oct,A3,C,CHSHS,control fly,high sugar,high sugar diet,CHSHS.35,8
plate_20,1-Oct,D2,HS,CHSHS,control fly,high sugar,high sugar diet,CHSHS.28,9
plate_11,1-Oct,F3,HS,CHSHS,control fly,high sugar,high sugar diet,CHSHS.35,10
plate_20,1-Oct,E1,HS,CHSHS,control fly,high sugar,high sugar diet,CHSHS.28,10
plate_21,1-Oct,B3,C,CHSHS,control fly,high sugar,high sugar diet,CHSHS.27,10
plate_11,1-Oct,F4,HS,CHSHS,control fly,high sugar,high sugar diet,CHSHS.35,11
plate_32,2-Oct,E4,HS,CHSHS,control fly,high sugar,high sugar diet,CHSHS.29,11
plate_15,1-Oct,A4,C,CHSHS,control fly,high sugar,high sugar diet,CHSHS.39,12
plate_21,1-Oct,A4,C,CHSHS,control fly,high sugar,high sugar diet,CHSHS.27,12
plate_15,1-Oct,A3,C,CHSHS,control fly,high sugar,high sugar diet,CHSHS.33,13
plate_15,1-Oct,C4,C,CHSHS,control fly,high sugar,high sugar diet,CHSHS.41,13
plate_19,1-Oct,D2,HS,CHSHS,control fly,high sugar,high sugar diet,CHSHS.31,13
plate_20,1-Oct,F1,HS,CHSHS,control fly,high sugar,high sugar diet,CHSHS.28,13
plate_11,1-Oct,D3,HS,CHSHS,control fly,high sugar,high sugar diet,CHSHS.35,14
plate_11,1-Oct,B4,C,CHSHS,control fly,high sugar,high sugar diet,CHSHS.35,14
plate_19,1-Oct,E1,HS,CHSHS,control fly,high sugar,high sugar diet,CHSHS.31,14
plate_21,1-Oct,C4,C,CHSHS,control fly,high sugar,high sugar diet,CHSHS.27,14
plate_15,1-Oct,D4,HS,CHSHS,control fly,high sugar,high sugar diet,CHSHS.42,16
plate_19,1-Oct,A1,C,CHSHS,control fly,high sugar,high sugar diet,CHSHS.31,16
plate_11,1-Oct,E4,HS,CHSHS,control fly,high sugar,high sugar diet,CHSHS.35,17
plate_19,1-Oct,C2,C,CHSHS,control fly,high sugar,high sugar diet,CHSHS.31,17
plate_21,1-Oct,D3,HS,CHSHS,control fly,high sugar,high sugar diet,CHSHS.27,17
plate_17,1-Oct,B1,C,CHSHS,control fly,high sugar,high sugar diet,CHSHS.26,18
plate_15,1-Oct,E4,HS,CHSHS,control fly,high sugar,high sugar diet,CHSHS.43,19
plate_19,1-Oct,A2,C,CHSHS,control fly,high sugar,high sugar diet,CHSHS.31,19
plate_19,1-Oct,E2,HS,CHSHS,control fly,high sugar,high sugar diet,CHSHS.31,19
plate_15,1-Oct,F4,HS,CHSHS,control fly,high sugar,high sugar diet,CHSHS.44,20
plate_20,1-Oct,F2,HS,CHSHS,control fly,high sugar,high sugar diet,CHSHS.28,20
plate_15,1-Oct,D3,HS,CHSHS,control fly,high sugar,high sugar diet,CHSHS.36,22
plate_19,1-Oct,B2,C,CHSHS,control fly,high sugar,high sugar diet,CHSHS.31,22
plate_17,1-Oct,E1,HS,CHSHS,control fly,high sugar,high sugar diet,CHSHS.26,23
plate_21,1-Oct,E4,HS,CHSHS,control fly,high sugar,high sugar diet,CHSHS.27,24
plate_19,1-Oct,B1,C,CHSHS,control fly,high sugar,high sugar diet,CHSHS.31,25
plate_19,1-Oct,F1,HS,CHSHS,control fly,high sugar,high sugar diet,CHSHS.31,26
plate_21,1-Oct,C3,C,CHSHS,control fly,high sugar,high sugar diet,CHSHS.27,26
plate_16,1-Oct,A4,C,HS0C,high sugar fly,sterile,control diet,HS0C.28,0
plate_30,2-Oct,A3,C,HS0C,high sugar fly,sterile,control diet,HS0C.29,0
plate_30,2-Oct,B3,C,HS0C,high sugar fly,sterile,control diet,HS0C.29,0
plate_30,2-Oct,F3,HS,HS0C,high sugar fly,sterile,control diet,HS0C.29,0
plate_30,2-Oct,A4,C,HS0C,high sugar fly,sterile,control diet,HS0C.29,0
plate_16,1-Oct,F4,HS,HS0C,high sugar fly,sterile,control diet,HS0C.28,1
plate_18,1-Oct,A1,C,HS0C,high sugar fly,sterile,control diet,HS0C.33,1
plate_18,1-Oct,C1,C,HS0C,high sugar fly,sterile,control diet,HS0C.33,1
plate_30,2-Oct,B4,C,HS0C,high sugar fly,sterile,control diet,HS0C.29,1
plate_12,1-Oct,B3,C,HS0C,high sugar fly,sterile,control diet,HS0C.31,2
plate_16,1-Oct,C3,C,HS0C,high sugar fly,sterile,control diet,HS0C.28,2
plate_16,1-Oct,B4,C,HS0C,high sugar fly,sterile,control diet,HS0C.28,2
plate_18,1-Oct,B1,C,HS0C,high sugar fly,sterile,control diet,HS0C.33,2
plate_18,1-Oct,C2,C,HS0C,high sugar fly,sterile,control diet,HS0C.33,2
plate_30,2-Oct,C3,C,HS0C,high sugar fly,sterile,control diet,HS0C.29,2
plate_30,2-Oct,C4,C,HS0C,high sugar fly,sterile,control diet,HS0C.29,2
plate_30,2-Oct,D4,HS,HS0C,high sugar fly,sterile,control diet,HS0C.29,2
plate_30,2-Oct,E4,HS,HS0C,high sugar fly,sterile,control diet,HS0C.29,3
plate_30,2-Oct,F4,HS,HS0C,high sugar fly,sterile,control diet,HS0C.29,4
plate_12,1-Oct,A3,C,HS0C,high sugar fly,sterile,control diet,HS0C.31,5
plate_30,2-Oct,E3,HS,HS0C,high sugar fly,sterile,control diet,HS0C.29,7
plate_16,1-Oct,D3,HS,HS0C,high sugar fly,sterile,control diet,HS0C.28,8
plate_16,1-Oct,B3,C,HS0C,high sugar fly,sterile,control diet,HS0C.28,9
plate_16,1-Oct,E4,HS,HS0C,high sugar fly,sterile,control diet,HS0C.28,9
plate_18,1-Oct,A2,C,HS0C,high sugar fly,sterile,control diet,HS0C.33,9
plate_12,1-Oct,D4,HS,HS0C,high sugar fly,sterile,control diet,HS0C.31,10
plate_30,2-Oct,D3,HS,HS0C,high sugar fly,sterile,control diet,HS0C.29,10
plate_16,1-Oct,A3,C,HS0C,high sugar fly,sterile,control diet,HS0C.28,11
plate_18,1-Oct,D1,HS,HS0C,high sugar fly,sterile,control diet,HS0C.33,13
plate_12,1-Oct,C4,C,HS0C,high sugar fly,sterile,control diet,HS0C.31,16
plate_12,1-Oct,E3,HS,HS0C,high sugar fly,sterile,control diet,HS0C.31,17
plate_18,1-Oct,B2,C,HS0C,high sugar fly,sterile,control diet,HS0C.33,17
plate_18,1-Oct,D2,HS,HS0C,high sugar fly,sterile,control diet,HS0C.33,18
plate_18,1-Oct,E2,HS,HS0C,high sugar fly,sterile,control diet,HS0C.33,19
plate_12,1-Oct,A4,C,HS0C,high sugar fly,sterile,control diet,HS0C.31,20
plate_16,1-Oct,F3,HS,HS0C,high sugar fly,sterile,control diet,HS0C.28,21
plate_16,1-Oct,E3,HS,HS0C,high sugar fly,sterile,control diet,HS0C.28,23
plate_16,1-Oct,C4,C,HS0C,high sugar fly,sterile,control diet,HS0C.28,23
plate_18,1-Oct,E1,HS,HS0C,high sugar fly,sterile,control diet,HS0C.33,25
plate_18,1-Oct,F2,HS,HS0C,high sugar fly,sterile,control diet,HS0C.33,25
plate_12,1-Oct,D3,HS,HS0C,high sugar fly,sterile,control diet,HS0C.31,27
plate_12,1-Oct,E4,HS,HS0C,high sugar fly,sterile,control diet,HS0C.31,27
plate_12,1-Oct,C3,C,HS0C,high sugar fly,sterile,control diet,HS0C.31,28
plate_16,1-Oct,D4,HS,HS0C,high sugar fly,sterile,control diet,HS0C.28,28
plate_18,1-Oct,F1,HS,HS0C,high sugar fly,sterile,control diet,HS0C.33,34
plate_26,2-Oct,B2,C,HS0HS,high sugar fly,sterile,high sugar diet,HS0HS.25,0
plate_27,2-Oct,E1,HS,HS0HS,high sugar fly,sterile,high sugar diet,HS0HS.26,0
plate_27,2-Oct,B2,C,HS0HS,high sugar fly,sterile,high sugar diet,HS0HS.26,0
plate_27,2-Oct,D2,HS,HS0HS,high sugar fly,sterile,high sugar diet,HS0HS.26,0
plate_27,2-Oct,E2,HS,HS0HS,high sugar fly,sterile,high sugar diet,HS0HS.26,0
plate_27,2-Oct,F2,HS,HS0HS,high sugar fly,sterile,high sugar diet,HS0HS.26,0
plate_28,2-Oct,A1,C,HS0HS,high sugar fly,sterile,high sugar diet,HS0HS.27,0
plate_28,2-Oct,B1,C,HS0HS,high sugar fly,sterile,high sugar diet,HS0HS.27,0
plate_28,2-Oct,C1,C,HS0HS,high sugar fly,sterile,high sugar diet,HS0HS.27,0
plate_28,2-Oct,D1,HS,HS0HS,high sugar fly,sterile,high sugar diet,HS0HS.27,0
plate_28,2-Oct,F1,HS,HS0HS,high sugar fly,sterile,high sugar diet,HS0HS.27,0
plate_28,2-Oct,A2,C,HS0HS,high sugar fly,sterile,high sugar diet,HS0HS.27,0
plate_28,2-Oct,B2,C,HS0HS,high sugar fly,sterile,high sugar diet,HS0HS.27,0
plate_29,2-Oct,B1,C,HS0HS,high sugar fly,sterile,high sugar diet,HS0HS.29,0
plate_29,2-Oct,C1,C,HS0HS,high sugar fly,sterile,high sugar diet,HS0HS.29,0
plate_29,2-Oct,E1,HS,HS0HS,high sugar fly,sterile,high sugar diet,HS0HS.29,0
plate_29,2-Oct,B2,C,HS0HS,high sugar fly,sterile,high sugar diet,HS0HS.29,0
plate_29,2-Oct,C2,C,HS0HS,high sugar fly,sterile,high sugar diet,HS0HS.29,0
plate_29,2-Oct,D2,HS,HS0HS,high sugar fly,sterile,high sugar diet,HS0HS.29,0
plate_29,2-Oct,F2,HS,HS0HS,high sugar fly,sterile,high sugar diet,HS0HS.29,0
plate_26,2-Oct,B1,C,HS0HS,high sugar fly,sterile,high sugar diet,HS0HS.25,1
plate_26,2-Oct,D1,HS,HS0HS,high sugar fly,sterile,high sugar diet,HS0HS.25,1
plate_26,2-Oct,E1,HS,HS0HS,high sugar fly,sterile,high sugar diet,HS0HS.25,1
plate_26,2-Oct,F1,HS,HS0HS,high sugar fly,sterile,high sugar diet,HS0HS.25,1
plate_26,2-Oct,C2,C,HS0HS,high sugar fly,sterile,high sugar diet,HS0HS.25,1
plate_26,2-Oct,D2,HS,HS0HS,high sugar fly,sterile,high sugar diet,HS0HS.25,1
plate_26,2-Oct,F2,HS,HS0HS,high sugar fly,sterile,high sugar diet,HS0HS.25,1
plate_27,2-Oct,A1,C,HS0HS,high sugar fly,sterile,high sugar diet,HS0HS.26,1
plate_27,2-Oct,B1,C,HS0HS,high sugar fly,sterile,high sugar diet,HS0HS.26,1
plate_27,2-Oct,C1,C,HS0HS,high sugar fly,sterile,high sugar diet,HS0HS.26,1
plate_27,2-Oct,A2,C,HS0HS,high sugar fly,sterile,high sugar diet,HS0HS.26,1
plate_27,2-Oct,C2,C,HS0HS,high sugar fly,sterile,high sugar diet,HS0HS.26,1
plate_28,2-Oct,F2,HS,HS0HS,high sugar fly,sterile,high sugar diet,HS0HS.27,1
plate_29,2-Oct,A1,C,HS0HS,high sugar fly,sterile,high sugar diet,HS0HS.29,1
plate_26,2-Oct,A2,C,HS0HS,high sugar fly,sterile,high sugar diet,HS0HS.25,2
plate_26,2-Oct,E2,HS,HS0HS,high sugar fly,sterile,high sugar diet,HS0HS.25,2
plate_27,2-Oct,D1,HS,HS0HS,high sugar fly,sterile,high sugar diet,HS0HS.26,2
plate_28,2-Oct,C2,C,HS0HS,high sugar fly,sterile,high sugar diet,HS0HS.27,2
plate_28,2-Oct,D2,HS,HS0HS,high sugar fly,sterile,high sugar diet,HS0HS.27,2
plate_29,2-Oct,D1,HS,HS0HS,high sugar fly,sterile,high sugar diet,HS0HS.29,2
plate_29,2-Oct,F1,HS,HS0HS,high sugar fly,sterile,high sugar diet,HS0HS.29,2
plate_29,2-Oct,E2,HS,HS0HS,high sugar fly,sterile,high sugar diet,HS0HS.29,12
plate_29,2-Oct,A2,C,HS0HS,high sugar fly,sterile,high sugar diet,HS0HS.29,14
plate_28,2-Oct,E2,HS,HS0HS,high sugar fly,sterile,high sugar diet,HS0HS.27,16
plate_27,2-Oct,F1,HS,HS0HS,high sugar fly,sterile,high sugar diet,HS0HS.26,18
plate_04,30-Sep,A1,C,HSCC,high sugar fly,control,control diet,HSCC.35,0
plate_04,30-Sep,C1,C,HSCC,high sugar fly,control,control diet,HSCC.35,0
plate_05,30-Sep,B4,C,HSCC,high sugar fly,control,control diet,HSCC.33,0
plate_06,30-Sep,A1,C,HSCC,high sugar fly,control,control diet,HSCC.28,0
plate_08,30-Sep,B1,C,HSCC,high sugar fly,control,control diet,HSCC.25,0
plate_08,30-Sep,C2,C,HSCC,high sugar fly,control,control diet,HSCC.25,0
plate_09,30-Sep,C3,C,HSCC,high sugar fly,control,control diet,HSCC.30,0
plate_10,30-Sep,D1,HS,HSCC,high sugar fly,control,control diet,HSCC.26,0
plate_04,30-Sep,A2,C,HSCC,high sugar fly,control,control diet,HSCC.35,1
plate_04,30-Sep,D2,HS,HSCC,high sugar fly,control,control diet,HSCC.35,1
plate_05,30-Sep,B3,C,HSCC,high sugar fly,control,control diet,HSCC.33,1
plate_05,30-Sep,D3,HS,HSCC,high sugar fly,control,control diet,HSCC.33,1
plate_08,30-Sep,A1,C,HSCC,high sugar fly,control,control diet,HSCC.25,1
plate_08,30-Sep,C1,C,HSCC,high sugar fly,control,control diet,HSCC.25,1
plate_08,30-Sep,E1,HS,HSCC,high sugar fly,control,control diet,HSCC.25,1
plate_10,30-Sep,A1,C,HSCC,high sugar fly,control,control diet,HSCC.26,1
plate_10,30-Sep,C1,C,HSCC,high sugar fly,control,control diet,HSCC.26,1
plate_10,30-Sep,A2,C,HSCC,high sugar fly,control,control diet,HSCC.26,1
plate_10,30-Sep,E2,HS,HSCC,high sugar fly,control,control diet,HSCC.26,1
plate_04,30-Sep,F1,HS,HSCC,high sugar fly,control,control diet,HSCC.35,2
plate_05,30-Sep,D4,HS,HSCC,high sugar fly,control,control diet,HSCC.33,2
plate_10,30-Sep,B1,C,HSCC,high sugar fly,control,control diet,HSCC.26,2
plate_08,30-Sep,E2,HS,HSCC,high sugar fly,control,control diet,HSCC.25,3
plate_10,30-Sep,E1,HS,HSCC,high sugar fly,control,control diet,HSCC.26,3
plate_04,30-Sep,B2,C,HSCC,high sugar fly,control,control diet,HSCC.35,4
plate_05,30-Sep,E3,HS,HSCC,high sugar fly,control,control diet,HSCC.33,5
plate_08,30-Sep,D1,HS,HSCC,high sugar fly,control,control diet,HSCC.25,6
plate_08,30-Sep,B2,C,HSCC,high sugar fly,control,control diet,HSCC.25,7
plate_09,30-Sep,B4,C,HSCC,high sugar fly,control,control diet,HSCC.30,7
plate_08,30-Sep,F1,HS,HSCC,high sugar fly,control,control diet,HSCC.25,9
plate_09,30-Sep,F4,HS,HSCC,high sugar fly,control,control diet,HSCC.30,10
plate_04,30-Sep,E2,HS,HSCC,high sugar fly,control,control diet,HSCC.35,11
plate_05,30-Sep,F3,HS,HSCC,high sugar fly,control,control diet,HSCC.33,12
plate_09,30-Sep,E3,HS,HSCC,high sugar fly,control,control diet,HSCC.30,13
plate_08,30-Sep,F2,HS,HSCC,high sugar fly,control,control diet,HSCC.25,14
plate_04,30-Sep,E1,HS,HSCC,high sugar fly,control,control diet,HSCC.35,16
plate_05,30-Sep,A3,C,HSCC,high sugar fly,control,control diet,HSCC.33,16
plate_04,30-Sep,B1,C,HSCC,high sugar fly,control,control diet,HSCC.35,17
plate_09,30-Sep,B3,C,HSCC,high sugar fly,control,control diet,HSCC.30,17
plate_04,30-Sep,D1,HS,HSCC,high sugar fly,control,control diet,HSCC.35,18
plate_05,30-Sep,C3,C,HSCC,high sugar fly,control,control diet,HSCC.33,18
plate_09,30-Sep,A4,C,HSCC,high sugar fly,control,control diet,HSCC.30,18
plate_09,30-Sep,F3,HS,HSCC,high sugar fly,control,control diet,HSCC.30,19
plate_10,30-Sep,C2,C,HSCC,high sugar fly,control,control diet,HSCC.26,20
plate_08,30-Sep,A2,C,HSCC,high sugar fly,control,control diet,HSCC.25,21
plate_08,30-Sep,D2,HS,HSCC,high sugar fly,control,control diet,HSCC.25,21
plate_09,30-Sep,A3,C,HSCC,high sugar fly,control,control diet,HSCC.30,21
plate_10,30-Sep,F1,HS,HSCC,high sugar fly,control,control diet,HSCC.26,21
plate_04,30-Sep,F2,HS,HSCC,high sugar fly,control,control diet,HSCC.35,22
plate_05,30-Sep,A4,C,HSCC,high sugar fly,control,control diet,HSCC.33,22
plate_05,30-Sep,C4,C,HSCC,high sugar fly,control,control diet,HSCC.33,22
plate_05,30-Sep,F4,HS,HSCC,high sugar fly,control,control diet,HSCC.33,22
plate_10,30-Sep,F2,HS,HSCC,high sugar fly,control,control diet,HSCC.26,22
plate_10,30-Sep,B2,C,HSCC,high sugar fly,control,control diet,HSCC.26,23
plate_09,30-Sep,D4,HS,HSCC,high sugar fly,control,control diet,HSCC.30,24
plate_04,30-Sep,C2,C,HSCC,high sugar fly,control,control diet,HSCC.35,25
plate_09,30-Sep,C4,C,HSCC,high sugar fly,control,control diet,HSCC.30,27
plate_09,30-Sep,E4,HS,HSCC,high sugar fly,control,control diet,HSCC.30,27
plate_10,30-Sep,D2,HS,HSCC,high sugar fly,control,control diet,HSCC.26,27
plate_09,30-Sep,D3,HS,HSCC,high sugar fly,control,control diet,HSCC.30,30
plate_05,30-Sep,E4,HS,HSCC,high sugar fly,control,control diet,HSCC.33,32
plate_13,1-Oct,B1,C,HSCHS,high sugar fly,control,high sugar diet,HSCHS.29,0
plate_13,1-Oct,C1,C,HSCHS,high sugar fly,control,high sugar diet,HSCHS.29,0
plate_13,1-Oct,B2,C,HSCHS,high sugar fly,control,high sugar diet,HSCHS.29,0
plate_13,1-Oct,C2,C,HSCHS,high sugar fly,control,high sugar diet,HSCHS.29,0
plate_13,1-Oct,F2,HS,HSCHS,high sugar fly,control,high sugar diet,HSCHS.29,0
plate_14,1-Oct,A1,C,HSCHS,high sugar fly,control,high sugar diet,HSCHS.28,0
plate_17,1-Oct,D4,HS,HSCHS,high sugar fly,control,high sugar diet,HSCHS.26,0
plate_17,1-Oct,E4,HS,HSCHS,high sugar fly,control,high sugar diet,HSCHS.26,0
plate_32,2-Oct,F1,HS,HSCHS,high sugar fly,control,high sugar diet,HSCHS.25,0
plate_32,2-Oct,F2,HS,HSCHS,high sugar fly,control,high sugar diet,HSCHS.25,0
plate_13,1-Oct,A1,C,HSCHS,high sugar fly,control,high sugar diet,HSCHS.29,1
plate_13,1-Oct,A2,C,HSCHS,high sugar fly,control,high sugar diet,HSCHS.29,1
plate_13,1-Oct,E2,HS,HSCHS,high sugar fly,control,high sugar diet,HSCHS.29,1
plate_14,1-Oct,B1,C,HSCHS,high sugar fly,control,high sugar diet,HSCHS.28,1
plate_14,1-Oct,D1,HS,HSCHS,high sugar fly,control,high sugar diet,HSCHS.28,1
plate_14,1-Oct,D2,HS,HSCHS,high sugar fly,control,high sugar diet,HSCHS.28,1
plate_17,1-Oct,E3,HS,HSCHS,high sugar fly,control,high sugar diet,HSCHS.26,1
plate_17,1-Oct,F3,HS,HSCHS,high sugar fly,control,high sugar diet,HSCHS.26,1
plate_17,1-Oct,C4,C,HSCHS,high sugar fly,control,high sugar diet,HSCHS.26,1
plate_32,2-Oct,B1,C,HSCHS,high sugar fly,control,high sugar diet,HSCHS.25,1
plate_32,2-Oct,C1,C,HSCHS,high sugar fly,control,high sugar diet,HSCHS.25,1
plate_32,2-Oct,A2,C,HSCHS,high sugar fly,control,high sugar diet,HSCHS.25,1
plate_32,2-Oct,C2,C,HSCHS,high sugar fly,control,high sugar diet,HSCHS.25,1
plate_32,2-Oct,D2,HS,HSCHS,high sugar fly,control,high sugar diet,HSCHS.25,1
plate_13,1-Oct,F1,HS,HSCHS,high sugar fly,control,high sugar diet,HSCHS.29,2
plate_14,1-Oct,E1,HS,HSCHS,high sugar fly,control,high sugar diet,HSCHS.28,2
plate_14,1-Oct,C2,C,HSCHS,high sugar fly,control,high sugar diet,HSCHS.28,2
plate_17,1-Oct,A3,C,HSCHS,high sugar fly,control,high sugar diet,HSCHS.26,2
plate_17,1-Oct,C3,C,HSCHS,high sugar fly,control,high sugar diet,HSCHS.26,2
plate_32,2-Oct,A1,C,HSCHS,high sugar fly,control,high sugar diet,HSCHS.25,2
plate_32,2-Oct,B2,C,HSCHS,high sugar fly,control,high sugar diet,HSCHS.25,2
plate_13,1-Oct,D2,HS,HSCHS,high sugar fly,control,high sugar diet,HSCHS.29,3
plate_17,1-Oct,B4,C,HSCHS,high sugar fly,control,high sugar diet,HSCHS.26,3
plate_32,2-Oct,D1,HS,HSCHS,high sugar fly,control,high sugar diet,HSCHS.25,3
plate_13,1-Oct,E1,HS,HSCHS,high sugar fly,control,high sugar diet,HSCHS.29,5
plate_32,2-Oct,E1,HS,HSCHS,high sugar fly,control,high sugar diet,HSCHS.25,5
plate_32,2-Oct,E2,HS,HSCHS,high sugar fly,control,high sugar diet,HSCHS.25,7
plate_13,1-Oct,D1,HS,HSCHS,high sugar fly,control,high sugar diet,HSCHS.29,11
plate_14,1-Oct,A2,C,HSCHS,high sugar fly,control,high sugar diet,HSCHS.28,12
plate_14,1-Oct,F1,HS,HSCHS,high sugar fly,control,high sugar diet,HSCHS.28,13
plate_14,1-Oct,E2,HS,HSCHS,high sugar fly,control,high sugar diet,HSCHS.28,14
plate_17,1-Oct,F4,HS,HSCHS,high sugar fly,control,high sugar diet,HSCHS.26,16
plate_17,1-Oct,D3,HS,HSCHS,high sugar fly,control,high sugar diet,HSCHS.26,19
plate_14,1-Oct,C1,C,HSCHS,high sugar fly,control,high sugar diet,HSCHS.28,21
plate_14,1-Oct,F2,HS,HSCHS,high sugar fly,control,high sugar diet,HSCHS.28,22
plate_14,1-Oct,B2,C,HSCHS,high sugar fly,control,high sugar diet,HSCHS.28,27
plate_02,30-Sep,E4,HS,HSHSC,high sugar fly,high sugar,control diet,HSHSC.31,0
plate_02,30-Sep,F4,HS,HSHSC,high sugar fly,high sugar,control diet,HSHSC.31,0
plate_06,30-Sep,A3,C,HSHSC,high sugar fly,high sugar,control diet,HSHSC.29,0
plate_06,30-Sep,E3,HS,HSHSC,high sugar fly,high sugar,control diet,HSHSC.29,0
plate_06,30-Sep,F3,HS,HSHSC,high sugar fly,high sugar,control diet,HSHSC.29,0
plate_06,30-Sep,E4,HS,HSHSC,high sugar fly,high sugar,control diet,HSHSC.29,0
plate_08,30-Sep,C3,C,HSHSC,high sugar fly,high sugar,control diet,HSHSC.30,0
plate_10,30-Sep,B3,C,HSHSC,high sugar fly,high sugar,control diet,HSHSC.32,0
plate_10,30-Sep,A4,C,HSHSC,high sugar fly,high sugar,control diet,HSHSC.32,0
plate_10,30-Sep,E4,HS,HSHSC,high sugar fly,high sugar,control diet,HSHSC.32,0
plate_02,30-Sep,E3,HS,HSHSC,high sugar fly,high sugar,control diet,HSHSC.31,1
plate_06,30-Sep,C3,C,HSHSC,high sugar fly,high sugar,control diet,HSHSC.29,1
plate_06,30-Sep,C4,C,HSHSC,high sugar fly,high sugar,control diet,HSHSC.29,1
plate_10,30-Sep,E3,HS,HSHSC,high sugar fly,high sugar,control diet,HSHSC.32,1
plate_10,30-Sep,D4,HS,HSHSC,high sugar fly,high sugar,control diet,HSHSC.32,1
plate_06,30-Sep,F4,HS,HSHSC,high sugar fly,high sugar,control diet,HSHSC.29,2
plate_08,30-Sep,A4,C,HSHSC,high sugar fly,high sugar,control diet,HSHSC.30,2
plate_10,30-Sep,A3,C,HSHSC,high sugar fly,high sugar,control diet,HSHSC.32,2
plate_08,30-Sep,E3,HS,HSHSC,high sugar fly,high sugar,control diet,HSHSC.30,3
plate_08,30-Sep,D4,HS,HSHSC,high sugar fly,high sugar,control diet,HSHSC.30,3
plate_02,30-Sep,F3,HS,HSHSC,high sugar fly,high sugar,control diet,HSHSC.31,4
plate_02,30-Sep,B4,C,HSHSC,high sugar fly,high sugar,control diet,HSHSC.31,4
plate_06,30-Sep,D4,HS,HSHSC,high sugar fly,high sugar,control diet,HSHSC.29,4
plate_08,30-Sep,C4,C,HSHSC,high sugar fly,high sugar,control diet,HSHSC.30,4
plate_10,30-Sep,B4,C,HSHSC,high sugar fly,high sugar,control diet,HSHSC.32,5
plate_08,30-Sep,F3,HS,HSHSC,high sugar fly,high sugar,control diet,HSHSC.30,6
plate_07,30-Sep,B1,C,HSHSC,high sugar fly,high sugar,control diet,HSHSC.26,7
plate_10,30-Sep,F4,HS,HSHSC,high sugar fly,high sugar,control diet,HSHSC.32,7
plate_10,30-Sep,F3,HS,HSHSC,high sugar fly,high sugar,control diet,HSHSC.32,8
plate_07,30-Sep,F2,HS,HSHSC,high sugar fly,high sugar,control diet,HSHSC.26,9
plate_10,30-Sep,C4,C,HSHSC,high sugar fly,high sugar,control diet,HSHSC.32,9
plate_02,30-Sep,A4,C,HSHSC,high sugar fly,high sugar,control diet,HSHSC.31,10
plate_08,30-Sep,B4,C,HSHSC,high sugar fly,high sugar,control diet,HSHSC.30,11
plate_08,30-Sep,F4,HS,HSHSC,high sugar fly,high sugar,control diet,HSHSC.30,12
plate_07,30-Sep,E1,HS,HSHSC,high sugar fly,high sugar,control diet,HSHSC.26,13
plate_02,30-Sep,D4,HS,HSHSC,high sugar fly,high sugar,control diet,HSHSC.31,16
plate_08,30-Sep,D3,HS,HSHSC,high sugar fly,high sugar,control diet,HSHSC.30,17
plate_06,30-Sep,B3,C,HSHSC,high sugar fly,high sugar,control diet,HSHSC.29,18
plate_08,30-Sep,B3,C,HSHSC,high sugar fly,high sugar,control diet,HSHSC.30,18
plate_02,30-Sep,B3,C,HSHSC,high sugar fly,high sugar,control diet,HSHSC.31,19
plate_06,30-Sep,B4,C,HSHSC,high sugar fly,high sugar,control diet,HSHSC.29,19
plate_02,30-Sep,C3,C,HSHSC,high sugar fly,high sugar,control diet,HSHSC.31,20
plate_02,30-Sep,D3,HS,HSHSC,high sugar fly,high sugar,control diet,HSHSC.31,20
plate_07,30-Sep,C1,C,HSHSC,high sugar fly,high sugar,control diet,HSHSC.26,21
plate_02,30-Sep,A3,C,HSHSC,high sugar fly,high sugar,control diet,HSHSC.31,22
plate_08,30-Sep,E4,HS,HSHSC,high sugar fly,high sugar,control diet,HSHSC.30,23
plate_10,30-Sep,D3,HS,HSHSC,high sugar fly,high sugar,control diet,HSHSC.32,23
plate_02,30-Sep,C4,C,HSHSC,high sugar fly,high sugar,control diet,HSHSC.31,26
plate_06,30-Sep,A4,C,HSHSC,high sugar fly,high sugar,control diet,HSHSC.29,29
plate_10,30-Sep,C3,C,HSHSC,high sugar fly,high sugar,control diet,HSHSC.32,29
plate_07,30-Sep,F1,HS,HSHSC,high sugar fly,high sugar,control diet,HSHSC.26,30
plate_07,30-Sep,A2,C,HSHSC,high sugar fly,high sugar,control diet,HSHSC.26,30
plate_06,30-Sep,D3,HS,HSHSC,high sugar fly,high sugar,control diet,HSHSC.29,31
plate_08,30-Sep,A3,C,HSHSC,high sugar fly,high sugar,control diet,HSHSC.30,31
plate_07,30-Sep,E2,HS,HSHSC,high sugar fly,high sugar,control diet,HSHSC.26,33
plate_07,30-Sep,A1,C,HSHSC,high sugar fly,high sugar,control diet,HSHSC.26,34
plate_07,30-Sep,C2,C,HSHSC,high sugar fly,high sugar,control diet,HSHSC.26,38
plate_07,30-Sep,D1,HS,HSHSC,high sugar fly,high sugar,control diet,HSHSC.26,39
plate_07,30-Sep,B2,C,HSHSC,high sugar fly,high sugar,control diet,HSHSC.26,40
plate_18,1-Oct,B3,C,HSHSHS,high sugar fly,high sugar,high sugar diet,HSHSHS.27,0
plate_18,1-Oct,C3,C,HSHSHS,high sugar fly,high sugar,high sugar diet,HSHSHS.27,0
plate_18,1-Oct,D3,HS,HSHSHS,high sugar fly,high sugar,high sugar diet,HSHSHS.27,0
plate_18,1-Oct,D4,HS,HSHSHS,high sugar fly,high sugar,high sugar diet,HSHSHS.27,0
plate_20,1-Oct,A4,C,HSHSHS,high sugar fly,high sugar,high sugar diet,HSHSHS.30,0
plate_21,1-Oct,D1,HS,HSHSHS,high sugar fly,high sugar,high sugar diet,HSHSHS.29,0
plate_21,1-Oct,A2,C,HSHSHS,high sugar fly,high sugar,high sugar diet,HSHSHS.29,0
plate_21,1-Oct,F2,HS,HSHSHS,high sugar fly,high sugar,high sugar diet,HSHSHS.29,0
plate_25,1-Oct,C1,C,HSHSHS,high sugar fly,high sugar,high sugar diet,HSHSHS.25,0
plate_30,2-Oct,D1,HS,HSHSHS,high sugar fly,high sugar,high sugar diet,HSHSHS.28,0
plate_30,2-Oct,B2,C,HSHSHS,high sugar fly,high sugar,high sugar diet,HSHSHS.28,0
plate_30,2-Oct,D2,HS,HSHSHS,high sugar fly,high sugar,high sugar diet,HSHSHS.28,0
plate_30,2-Oct,F2,HS,HSHSHS,high sugar fly,high sugar,high sugar diet,HSHSHS.28,0
plate_18,1-Oct,B4,C,HSHSHS,high sugar fly,high sugar,high sugar diet,HSHSHS.27,1
plate_20,1-Oct,D3,HS,HSHSHS,high sugar fly,high sugar,high sugar diet,HSHSHS.30,1
plate_25,1-Oct,D2,HS,HSHSHS,high sugar fly,high sugar,high sugar diet,HSHSHS.25,1
plate_30,2-Oct,A1,C,HSHSHS,high sugar fly,high sugar,high sugar diet,HSHSHS.28,1
plate_30,2-Oct,B1,C,HSHSHS,high sugar fly,high sugar,high sugar diet,HSHSHS.28,1
plate_30,2-Oct,C1,C,HSHSHS,high sugar fly,high sugar,high sugar diet,HSHSHS.28,1
plate_30,2-Oct,F1,HS,HSHSHS,high sugar fly,high sugar,high sugar diet,HSHSHS.28,1
plate_30,2-Oct,C2,C,HSHSHS,high sugar fly,high sugar,high sugar diet,HSHSHS.28,1
plate_18,1-Oct,E3,HS,HSHSHS,high sugar fly,high sugar,high sugar diet,HSHSHS.27,2
plate_20,1-Oct,B3,C,HSHSHS,high sugar fly,high sugar,high sugar diet,HSHSHS.30,2
plate_20,1-Oct,E4,HS,HSHSHS,high sugar fly,high sugar,high sugar diet,HSHSHS.30,2
plate_21,1-Oct,F1,HS,HSHSHS,high sugar fly,high sugar,high sugar diet,HSHSHS.29,2
plate_30,2-Oct,A2,C,HSHSHS,high sugar fly,high sugar,high sugar diet,HSHSHS.28,3
plate_20,1-Oct,B4,C,HSHSHS,high sugar fly,high sugar,high sugar diet,HSHSHS.30,4
plate_21,1-Oct,B1,C,HSHSHS,high sugar fly,high sugar,high sugar diet,HSHSHS.29,4
plate_25,1-Oct,F1,HS,HSHSHS,high sugar fly,high sugar,high sugar diet,HSHSHS.25,4
plate_25,1-Oct,A2,C,HSHSHS,high sugar fly,high sugar,high sugar diet,HSHSHS.25,4
plate_20,1-Oct,F4,HS,HSHSHS,high sugar fly,high sugar,high sugar diet,HSHSHS.30,5
plate_21,1-Oct,E1,HS,HSHSHS,high sugar fly,high sugar,high sugar diet,HSHSHS.29,5
plate_21,1-Oct,B2,C,HSHSHS,high sugar fly,high sugar,high sugar diet,HSHSHS.29,5
plate_20,1-Oct,A3,C,HSHSHS,high sugar fly,high sugar,high sugar diet,HSHSHS.30,6
plate_21,1-Oct,D2,HS,HSHSHS,high sugar fly,high sugar,high sugar diet,HSHSHS.29,6
plate_20,1-Oct,C3,C,HSHSHS,high sugar fly,high sugar,high sugar diet,HSHSHS.30,7
plate_25,1-Oct,E2,HS,HSHSHS,high sugar fly,high sugar,high sugar diet,HSHSHS.25,9
plate_18,1-Oct,A3,C,HSHSHS,high sugar fly,high sugar,high sugar diet,HSHSHS.27,10
plate_18,1-Oct,A4,C,HSHSHS,high sugar fly,high sugar,high sugar diet,HSHSHS.27,11
plate_18,1-Oct,F4,HS,HSHSHS,high sugar fly,high sugar,high sugar diet,HSHSHS.27,11
plate_30,2-Oct,E1,HS,HSHSHS,high sugar fly,high sugar,high sugar diet,HSHSHS.28,14
plate_18,1-Oct,F3,HS,HSHSHS,high sugar fly,high sugar,high sugar diet,HSHSHS.27,15
plate_20,1-Oct,F3,HS,HSHSHS,high sugar fly,high sugar,high sugar diet,HSHSHS.30,15
plate_20,1-Oct,C4,C,HSHSHS,high sugar fly,high sugar,high sugar diet,HSHSHS.30,15
plate_25,1-Oct,A1,C,HSHSHS,high sugar fly,high sugar,high sugar diet,HSHSHS.25,16
plate_25,1-Oct,C2,C,HSHSHS,high sugar fly,high sugar,high sugar diet,HSHSHS.25,16
plate_25,1-Oct,F2,HS,HSHSHS,high sugar fly,high sugar,high sugar diet,HSHSHS.25,17
plate_21,1-Oct,E2,HS,HSHSHS,high sugar fly,high sugar,high sugar diet,HSHSHS.29,18
plate_25,1-Oct,B1,C,HSHSHS,high sugar fly,high sugar,high sugar diet,HSHSHS.25,18
plate_18,1-Oct,C4,C,HSHSHS,high sugar fly,high sugar,high sugar diet,HSHSHS.27,19
plate_21,1-Oct,A1,C,HSHSHS,high sugar fly,high sugar,high sugar diet,HSHSHS.29,19
plate_30,2-Oct,E2,HS,HSHSHS,high sugar fly,high sugar,high sugar diet,HSHSHS.28,21
plate_20,1-Oct,D4,HS,HSHSHS,high sugar fly,high sugar,high sugar diet,HSHSHS.30,23
plate_21,1-Oct,C2,C,HSHSHS,high sugar fly,high sugar,high sugar diet,HSHSHS.29,24
plate_25,1-Oct,E1,HS,HSHSHS,high sugar fly,high sugar,high sugar diet,HSHSHS.25,24
plate_21,1-Oct,C1,C,HSHSHS,high sugar fly,high sugar,high sugar diet,HSHSHS.29,25
plate_25,1-Oct,B2,C,HSHSHS,high sugar fly,high sugar,high sugar diet,HSHSHS.25,26
plate_25,1-Oct,D1,HS,HSHSHS,high sugar fly,high sugar,high sugar diet,HSHSHS.25,28
plate_18,1-Oct,E4,HS,HSHSHS,high sugar fly,high sugar,high sugar diet,HSHSHS.27,34